category,total_revenue,average_order_value,number_of_orders
Electronics,3787.0,291.3076923076923,13
Accessories,2089.25,139.28333333333333,15
Gadgets,1418.74,109.13384615384615,13
Tools,885.0,147.5,6
Unknown,318.5,106.16666666666667,3
